{
  "display": {
    "icon": {
      "id": "minecraft:orange_wool"
    },
    "title": {
      "text": "Lana naranja",
      "color": "gold",
      "bold": true,
      "italic": false
    },
    "description": {
      "text": "Obtén la Lana naranja",
      "color": "white",
      "bold": false,
      "italic": false
    },
    "frame": "task",
    "show_toast": true,
    "announce_to_chat": false,
    "hidden": false
  },
  "parent": "ctmv:spanish/wool/root",
  "criteria": {
    "requirement": {
      "trigger": "minecraft:impossible"
    }
  }
}
