{
  "display": {
    "icon": {
      "id": "minecraft:dragon_head"
    },
    "title": {
      "text": "Black wool",
      "color": "black",
      "bold": true,
      "italic": false
    },
    "description": {
      "text": "Obtain a Dragon Head",
      "color": "white",
      "bold": false,
      "italic": false
    },
    "frame": "task",
    "show_toast": true,
    "announce_to_chat": false,
    "hidden": false
  },
  "parent": "ctmv:english/nightmare/root",
  "criteria": {
    "requirement": {
      "trigger": "minecraft:impossible"
    }
  }
}
