{
    "display": {
      "icon": {
        "id": "minecraft:iron_block"
      },
      "title": {
        "text": "Block of Iron",
        "color": "#E7E7E7",
        "bold": true,
        "italic": false
      },
      "description": "",
      "frame": "task",
      "show_toast": true,
      "announce_to_chat": false,
      "hidden": false
    },
    "parent": "ctmv:english/hard/magenta",
    "criteria": {
      "requirement": {
        "trigger": "minecraft:impossible"
    }
  }
}
