{
  "display": {
    "icon": {
      "id": "minecraft:music_disc_mellohi"
    },
    "title": {
      "text": "Lana rosa",
      "color": "#FFC3E6",
      "bold": true,
      "italic": false
    },
    "description": {
      "text": "Obtén C418 - mellohi",
      "color": "white",
      "bold": false,
      "italic": false
    },
    "frame": "task",
    "show_toast": true,
    "announce_to_chat": false,
    "hidden": false
  },
  "parent": "ctmv:spanish/disco/root",
  "criteria": {
    "requirement": {
      "trigger": "minecraft:impossible"
    }
  }
}
