{
    "display": {
      "icon": {
        "id": "minecraft:coal_block"
      },
      "title": {
        "text": "Bloque de Carbón",
        "color": "#3D3D3D",
        "bold": true,
        "italic": false
      },
      "description": "",
      "frame": "task",
      "show_toast": true,
      "announce_to_chat": false,
      "hidden": false
    },
    "parent": "ctmv:spanish/nightmare/light_gray",
    "criteria": {
      "requirement": {
        "trigger": "minecraft:impossible"
    }
  }
}
