{
  "display": {
    "icon": {
      "id": "minecraft:tipped_arrow"
    },
    "title": {
      "text": "Lana roja",
      "color": "red",
      "bold": true,
      "italic": false
    },
    "description": {
      "text": "Obtén una flecha de debilidad",
      "color": "white",
      "bold": false,
      "italic": false
    },
    "frame": "task",
    "show_toast": true,
    "announce_to_chat": false,
    "hidden": false
  },
  "parent": "ctmv:spanish/hard/root",
  "criteria": {
    "requirement": {
      "trigger": "minecraft:impossible"
    }
  }
}
